displayAddressType,amenities,usableAreas,constructionStatus,listingType,description,title,createdAt,floors,unitTypes,nonActivationReason,providerId,propertyType,unitSubTypes,unitsOnTheFloor,legacyId,id,portal,unitFloor,parkingSpaces,updatedAt,address,suites,publicationType,externalId,bathrooms,usageTypes,totalAreas,advertiserId,advertiserContact,whatsappNumber,bedrooms,acceptExchange,pricingInfos,showPrice,resale,buildings,capacityLimit,status,country,zipCode,geoJson,city,streetNumber,level,precision,confidence,stateAcronym,source,ibgeCityId,zone,street,locationId,district,name,state,neighborhood,poisList,complement,pois,valuableZones,point.lon,point.source,point.lat,index,yearlyIptu,price,businessType,monthlyCondoFee
ALL,"['SAFETY_CIRCUIT', 'GATED_COMMUNITY', 'ELEVATOR', 'PETS_ALLOWED', 'AIR_CONDITIONING']",['37'],ConstructionStatus_NONE,USED,"O apartamento no bairro Copacabana amplo, reformado, com 1 quarto e 1 banheiro, cozinha tipo americana toda montadinha<br>Vai lhe possibilitar todo o conforto, perto da praia, lojas, super mercado, padaria, hortifrúti, 2 aparelhos ar Split .Está em um condomínio com portaria dia e noite. Marque uma visita, ELIAS",Apartamento para venda com 37 metros quadrados com 1 quarto em Copacabana - Rio de Janeiro - RJ,2021-03-05T21:31:58.360Z,[10],['APARTMENT'],NonActivationReason_NONE,,UNIT,[],6,,2512905650,ZAP,6,[0],2021-03-05T21:33:16.425Z,"{'country': 'BR', 'zipCode': '22020010', 'geoJson': '', 'city': 'Rio de Janeiro', 'streetNumber': '231', 'level': 'STREET', 'precision': 'ROOFTOP', 'confidence': 'VALID_STREET', 'stateAcronym': 'RJ', 'source': 'CORREIOS', 'point': {'lon': -43.176495, 'source': 'GOOGLE', 'lat': -22.963679}, 'ibgeCityId': '', 'zone': 'Zona Sul', 'street': 'Rua Belfort Roxo', 'locationId': 'BR>Rio de Janeiro>NULL>Rio de Janeiro>Zona Sul>Copacabana', 'district': '', 'name': '', 'state': 'Rio de Janeiro', 'neighborhood': 'Copacabana', 'poisList': ['BS:Ronald de Carvalho', 'BS:BRS 2 Belford Roxo', 'BS:Duvivier', 'BS:BRS 1 Rodolfo Dantas', 'BS:Rodolfo Dantas', 'TS:Ronald de Carvalho', 'TS:BRS 2 Belford Roxo', 'TS:Duvivier', 'TS:BRS 1 Rodolfo Dantas', 'TS:Rodolfo Dantas', 'CS:Panificadora e Confeitaria Atlântica', 'CS:Copa Fish', 'CS:Marina', 'CS:Confeitaria La Marquise', 'CS:Paõ & Companhia', 'PH:Farmácia do Leme', 'PH:Galícia', 'PH:Drogaria Galanti', 'PH:Nash', 'PH:Farmácia Iate Club'], 'complement': '601', 'pois': [], 'valuableZones': []}",[0],PREMIUM,ME0NL3,[1],['RESIDENTIAL'],['37'],0c27ba76-04d6-ce2f-9cbe-60c9fd480374,"{'phones': ['21971660839', '21971950839']}",21971950839,[1],False,"[{'yearlyIptu': '96', 'price': '475000', 'businessType': 'SALE', 'monthlyCondoFee': '580'}]",True,False,1,[],ACTIVE,BR,22020010,,Rio de Janeiro,231,STREET,ROOFTOP,VALID_STREET,RJ,CORREIOS,,Zona Sul,Rua Belfort Roxo,BR>Rio de Janeiro>NULL>Rio de Janeiro>Zona Sul>Copacabana,,,Rio de Janeiro,Copacabana,"['BS:Ronald de Carvalho', 'BS:BRS 2 Belford Roxo', 'BS:Duvivier', 'BS:BRS 1 Rodolfo Dantas', 'BS:Rodolfo Dantas', 'TS:Ronald de Carvalho', 'TS:BRS 2 Belford Roxo', 'TS:Duvivier', 'TS:BRS 1 Rodolfo Dantas', 'TS:Rodolfo Dantas', 'CS:Panificadora e Confeitaria Atlântica', 'CS:Copa Fish', 'CS:Marina', 'CS:Confeitaria La Marquise', 'CS:Paõ & Companhia', 'PH:Farmácia do Leme', 'PH:Galícia', 'PH:Drogaria Galanti', 'PH:Nash', 'PH:Farmácia Iate Club']",601,[],[],-43.176495,GOOGLE,-22.963679,0,96,475000,SALE,580
ALL,"['CONCIERGE_24H', 'GOURMET_BALCONY', 'BICYCLES_PLACE', 'DISABLED_ACCESS']",['170'],ConstructionStatus_NONE,USED,"DIRETO COM O PROPRIETÁRIO!!! Andar alto, sol da manhã, varandão, muito claro e arejado. Todo reformado por arquiteto, hidraulica e elétrica novas, com dependência completa, piso em porcelanato e madeira natural nos quartos, muitos armários, cozinha madeirol. Rua transversal tranquila, próximo ao comercio, praia e metrô. Portaria 24h. Pronto para morar!",Apartamento para venda com 170 metros quadrados com 3 quartos,2021-01-09T17:37:46.373Z,[10],['APARTMENT'],NonActivationReason_NONE,,UNIT,[],2,,2507391673,GRUPOZAP,0,[1],2021-01-15T15:02:27.638Z,"{'country': 'BR', 'zipCode': '22021040', 'geoJson': '', 'city': 'Rio de Janeiro', 'streetNumber': '239', 'level': 'STREET', 'precision': 'ROOFTOP', 'confidence': 'VALID_STREET', 'stateAcronym': 'RJ', 'source': 'CORREIOS', 'point': {'lon': -43.182596, 'source': 'GOOGLE', 'lat': -22.966866}, 'ibgeCityId': '', 'zone': 'Zona Sul', 'street': 'Rua República do Peru', 'locationId': 'BR>Rio de Janeiro>NULL>Rio de Janeiro>Zona Sul>Copacabana', 'district': '', 'name': '', 'state': 'Rio de Janeiro', 'neighborhood': 'Copacabana', 'poisList': ['BS:BRS 2 República do Peru', 'BS:BRS 1 Paula Freitas', 'BS:BRS 2 Hilário de Gouveia', 'BS:BRS 3 Fernando Mendes', 'BS:Cardeal Arcoverde', 'TS:BRS 2 República do Peru', 'TS:BRS 1 Paula Freitas', 'TS:BRS 2 Hilário de Gouveia', 'TS:BRS 3 Fernando Mendes', 'TS:Tonelero', 'CS:Suíça', 'CS:Multifruti', 'CS:Paõ & Companhia', 'CS:La Copa', 'CS:Confeitaria La Marquise', 'PH:Drogaria Galanti', 'PH:Nash', 'PH:Galícia', 'PH:Farmácia do Leme', 'PH:Drogaria Venâncio'], 'complement': '', 'pois': [], 'valuableZones': []}",[1],PREMIUM,ZHNTBJTJ,[3],['RESIDENTIAL'],['170'],6a66a6f1-7035-97c5-cdaa-2f7ca04bd064,"{'phones': ['21986061722', '21998092830']}",21998092830,[3],False,"[{'yearlyIptu': '4300', 'price': '1700000', 'businessType': 'SALE', 'monthlyCondoFee': '2280'}]",True,True,0,[],ACTIVE,BR,22021040,,Rio de Janeiro,239,STREET,ROOFTOP,VALID_STREET,RJ,CORREIOS,,Zona Sul,Rua República do Peru,BR>Rio de Janeiro>NULL>Rio de Janeiro>Zona Sul>Copacabana,,,Rio de Janeiro,Copacabana,"['BS:BRS 2 República do Peru', 'BS:BRS 1 Paula Freitas', 'BS:BRS 2 Hilário de Gouveia', 'BS:BRS 3 Fernando Mendes', 'BS:Cardeal Arcoverde', 'TS:BRS 2 República do Peru', 'TS:BRS 1 Paula Freitas', 'TS:BRS 2 Hilário de Gouveia', 'TS:BRS 3 Fernando Mendes', 'TS:Tonelero', 'CS:Suíça', 'CS:Multifruti', 'CS:Paõ & Companhia', 'CS:La Copa', 'CS:Confeitaria La Marquise', 'PH:Drogaria Galanti', 'PH:Nash', 'PH:Galícia', 'PH:Farmácia do Leme', 'PH:Drogaria Venâncio']",,[],[],-43.182596,GOOGLE,-22.966866,1,4300,1700000,SALE,2280
ALL,"['GATED_COMMUNITY', 'ELEVATOR', 'PETS_ALLOWED']",['80'],ConstructionStatus_NONE,USED,"Apartamento de sala e dois quartos, localizado entre o Catete e o Flamengo, próximo à Praia do Flamengo. <br>O apartamento fica entre a Praia do Flamengo e a Rua do Catete, com 80 metros quadrados, com sala ampla, 2 quartos e 1 banheiro. Armários embutidos em ambos os quartos. <br>Elevador para mais praticidade no dia-a-dia.<br>Sem vaga de garagem, mas com possibilidade de locação de vaga no próprio edifício. <br>Imóvel bem dividido com piso de sinteco novo, e banheiro em bom estado.","Apartamento para venda com 80 metros quadrados com 2 quartos em Flamengo, - Rio de Janeiro - RJ",2021-02-22T20:03:00.135Z,[9],['APARTMENT'],NonActivationReason_NONE,,UNIT,[],2,,2511763075,ZAP,2,[0],2021-02-22T20:03:22.494Z,"{'country': 'BR', 'zipCode': '22220030', 'geoJson': '', 'city': 'Rio de Janeiro', 'streetNumber': '62', 'level': 'STREET', 'precision': 'ROOFTOP', 'confidence': 'VALID_STREET', 'stateAcronym': 'RJ', 'source': 'CORREIOS', 'point': {'lon': -43.176354, 'source': 'GOOGLE', 'lat': -22.928577}, 'ibgeCityId': '', 'zone': 'Zona Sul', 'street': 'Rua Buarque de Macedo', 'locationId': 'BR>Rio de Janeiro>NULL>Rio de Janeiro>Zona Sul>Flamengo', 'district': '', 'name': '', 'state': 'Rio de Janeiro', 'neighborhood': 'Flamengo', 'poisList': ['BS:Rua Paschoal Carlos Magno próximo ao 15', 'BS:Rua das Laranjeiras, 336', 'BS:Rua Monte Alegre próximo ao 342', 'TS:Palácio', 'TS:Catete', 'TS:Largo do Machado', 'TS:Acesso Largo do Machado', 'TS:Acesso Catete', 'CS:Padaria Catete', 'CS:Sorvetes Itália', 'CS:Le Dépanneur', 'CS:Pão Francês', 'CS:Deli Sabores do Mundo', 'PH:Norte e Sul', 'PH:Rio Farma', 'PH:Drogaria Riofarma', 'PH:Machado de Assis', 'PH:Miliflora Farmácia de Manipulação'], 'complement': '202', 'pois': [], 'valuableZones': []}",[0],PREMIUM,17PGS4E,[1],['RESIDENTIAL'],['73'],a8639911-07c5-44cc-9b69-d92e34f292a3,"{'phones': ['2125334779', '21994651345']}",21994651345,[2],False,"[{'yearlyIptu': '1750', 'price': '650000', 'businessType': 'SALE', 'monthlyCondoFee': '740'}]",True,False,1,[],ACTIVE,BR,22220030,,Rio de Janeiro,62,STREET,ROOFTOP,VALID_STREET,RJ,CORREIOS,,Zona Sul,Rua Buarque de Macedo,BR>Rio de Janeiro>NULL>Rio de Janeiro>Zona Sul>Flamengo,,,Rio de Janeiro,Flamengo,"['BS:Rua Paschoal Carlos Magno próximo ao 15', 'BS:Rua das Laranjeiras, 336', 'BS:Rua Monte Alegre próximo ao 342', 'TS:Palácio', 'TS:Catete', 'TS:Largo do Machado', 'TS:Acesso Largo do Machado', 'TS:Acesso Catete', 'CS:Padaria Catete', 'CS:Sorvetes Itália', 'CS:Le Dépanneur', 'CS:Pão Francês', 'CS:Deli Sabores do Mundo', 'PH:Norte e Sul', 'PH:Rio Farma', 'PH:Drogaria Riofarma', 'PH:Machado de Assis', 'PH:Miliflora Farmácia de Manipulação']",202,[],[],-43.176354,GOOGLE,-22.928577,2,1750,650000,SALE,740
ALL,"['AIR_CONDITIONING', 'KITCHEN_CABINETS', 'BUILTIN_WARDROBE', 'BLINDEX_BOX', 'LARGE_KITCHEN', 'PLATED_GAS', 'ALUMINUM_WINDOW', 'WOOD_FLOOR', 'PORCELAIN', 'DINNER_ROOM', 'LARGE_ROOM', 'BALCONY', 'NATURAL_VENTILATION', 'PANORAMIC_VIEW', 'RECREATION_AREA', 'COPA', 'ENTRANCE_HALL', 'POOL', 'PLAYGROUND', 'PARTY_HALL', 'GAMES_ROOM', 'SAUNA', 'PETS_ALLOWED', 'GARDEN', 'ELEVATOR', 'DISABLED_ACCESS', 'GATED_COMMUNITY', 'ELECTRONIC_GATE', 'CONCIERGE_24H', 'BICYCLES_PLACE', 'FURNISHED']",['107'],ConstructionStatus_NONE,USED,"Fronteira de Vila Isabel com Grajaú, ao lado da Pça Malvinos Reis, bem próximo do centro principal-Grajaú/Pça Edmundo Rego e do centro comercial Pça Verdun e próximo a estrada Grajaú-Jacarepaguá. Excelente prédio (rua pequena e calma) com portaria 24 h, circuito interno de TV, piscinas adulto e infantil, sauna, salão de jogos, massagem e de festas e amplo playground. Apartamento lateral 10º andar (real 12º), amplo, claro, arejado, com boa ventilação natural, vista panorâmica do pico do Perdido - Parque Estadual do Grajaú - PEG e composto de sala com 3 ambientes com acesso para varanda, 3 quartos com armários embutidos (1 suíte), copa cozinha com armários, área de serviço com armários, tanque e instalação para máquina de lavar, dependências completas, aquecimento de água à gás e 2 vagas cobertas na escritura . Apartamento pronto para entrar/morar, com documentação apta para uso do seu FGTS e financiamento bancário.",Belíssimo apartamento salão 3 ambientes varanda 3qtos (1suíte) 2vagas Fronteira Vila Isabel e Grajaú,2019-03-25T21:37:39.553Z,[12],['APARTMENT'],NonActivationReason_NONE,,UNIT,[],7,21994762,2437875175,ZAP,10,[2],2021-02-01T15:04:58.151Z,"{'country': 'BR', 'zipCode': '20560090', 'geoJson': '', 'city': 'Rio de Janeiro', 'streetNumber': '70', 'level': 'STREET', 'precision': 'ROOFTOP', 'confidence': 'VALID_STREET', 'stateAcronym': 'RJ', 'source': 'CORREIOS', 'point': {'lon': -43.260791, 'source': 'GOOGLE', 'lat': -22.919142}, 'ibgeCityId': '', 'zone': 'Zona Norte', 'street': 'Rua Jerônimo de Lemos', 'locationId': 'BR>Rio de Janeiro>NULL>Rio de Janeiro>Zona Norte>Vila Isabel', 'district': '', 'name': '', 'state': 'Rio de Janeiro', 'neighborhood': 'Vila Isabel', 'poisList': ['BS:Ponto final 703', 'BS:Ponto final 222', 'BS:Ponto Final 433', 'BS:Ponto Final 438', 'BS:Ponto Final 605', 'TS:Ponto Final 433', 'TS:Ponto Final 438', 'TS:Ponto Final 605', 'TS:Ponto Final 439', 'TS:Sampaio', 'CS:Fábrica de Bolo da Vó Alzira', 'CS:Padaria do Verdun', 'CS:Mercado de Carnes Coração da Vila', 'CS:Padaria Abaeté', 'CS:Padaria Villas Garden', 'PH:Farma Dez'], 'complement': '1004', 'pois': [], 'valuableZones': []}",[1],PREMIUM,ZAP1471574,[3],['RESIDENTIAL'],[],3a23b8dd-112b-4597-902f-ad39a0ed1449,{'phones': ['21999628924']},21999628924,[3],True,"[{'yearlyIptu': '1559', 'price': '578000', 'businessType': 'SALE', 'monthlyCondoFee': '1060'}]",True,False,0,[0],ACTIVE,BR,20560090,,Rio de Janeiro,70,STREET,ROOFTOP,VALID_STREET,RJ,CORREIOS,,Zona Norte,Rua Jerônimo de Lemos,BR>Rio de Janeiro>NULL>Rio de Janeiro>Zona Norte>Vila Isabel,,,Rio de Janeiro,Vila Isabel,"['BS:Ponto final 703', 'BS:Ponto final 222', 'BS:Ponto Final 433', 'BS:Ponto Final 438', 'BS:Ponto Final 605', 'TS:Ponto Final 433', 'TS:Ponto Final 438', 'TS:Ponto Final 605', 'TS:Ponto Final 439', 'TS:Sampaio', 'CS:Fábrica de Bolo da Vó Alzira', 'CS:Padaria do Verdun', 'CS:Mercado de Carnes Coração da Vila', 'CS:Padaria Abaeté', 'CS:Padaria Villas Garden', 'PH:Farma Dez']",1004,[],[],-43.260791,GOOGLE,-22.919142,3,1559,578000,SALE,1060
ALL,"['WATCHMAN', 'RECEPTION', 'GATED_COMMUNITY', 'PLAYGROUND', 'PARTY_HALL', 'ELEVATOR', 'SERVICE_AREA', 'INTERCOM', 'BALCONY', 'MOUNTAIN_VIEW', 'PETS_ALLOWED']",['165'],ConstructionStatus_NONE,USED,"Excelente localização, próximo a lagoa e jardim botânico, prédio moderno, portaria 24 horas, play com salão de festas, garagem com vagas demarcadas, somente 2 apartamentos por andar, frente, vista livre, salão grande em 3 ambientes, varanda grande com vista livre e indevassável para a rua e o Cristo Redentor, lavabo, 4 quartos com bons armários embutidos, sendo 1 suíte, banheiro social, copa, cozinha ampla e equipada com bons armários, despensa, área de serviço, dependências completas e 2(duas) vagas de garagem.",APARTAMENTO 4 QUARTOS LAGOA,2021-02-16T15:31:44.632Z,[5],['APARTMENT'],NonActivationReason_NONE,,UNIT,[],2,,2511119235,ZAP,3,[2],2021-02-16T16:06:28.741Z,"{'country': 'BR', 'zipCode': '22470220', 'geoJson': '', 'city': 'Rio de Janeiro', 'streetNumber': '200', 'level': 'STREET', 'precision': 'RANGE_INTERPOLATED', 'confidence': 'VALID_STREET', 'stateAcronym': 'RJ', 'source': 'CORREIOS', 'point': {'lon': -43.207345, 'source': 'GOOGLE', 'lat': -22.961962}, 'ibgeCityId': '', 'zone': 'Zona Sul', 'street': 'Avenida Alexandre Ferreira', 'locationId': 'BR>Rio de Janeiro>NULL>Rio de Janeiro>Zona Sul>Lagoa', 'district': '', 'name': '', 'state': 'Rio de Janeiro', 'neighborhood': 'Lagoa', 'poisList': ['BS:Maria Angélica', 'BS:Humaitá', 'BS:Hospital da Lagoa', 'BS:Jardim Botânico', 'BS:Cobal do Humaitá', 'TS:Maria Angélica', 'TS:Humaitá', 'TS:Hospital da Lagoa', 'TS:Jardim Botânico', 'TS:Cobal do Humaitá', 'CS:A Padaria - Café Et Marché', 'CS:Panificação Lagoa', 'CS:Vitória Régia', 'CS:Mercado Humaitá', 'CS:Farinha Pura', 'PH:Padrão', 'PH:Minipreço', 'PH:Ypiranga', 'PH:Ric', 'PH:Caminhoá'], 'complement': '', 'pois': [], 'valuableZones': []}",[1],PREMIUM,192100502,[4],['RESIDENTIAL'],['165'],a4575787-b76a-9af2-f008-4f3bdb4b2121,"{'phones': ['2125277178', '21999963581']}",21999963581,[4],False,"[{'yearlyIptu': '7600', 'price': '2500000', 'businessType': 'SALE', 'monthlyCondoFee': '2500'}]",True,False,1,[],ACTIVE,BR,22470220,,Rio de Janeiro,200,STREET,RANGE_INTERPOLATED,VALID_STREET,RJ,CORREIOS,,Zona Sul,Avenida Alexandre Ferreira,BR>Rio de Janeiro>NULL>Rio de Janeiro>Zona Sul>Lagoa,,,Rio de Janeiro,Lagoa,"['BS:Maria Angélica', 'BS:Humaitá', 'BS:Hospital da Lagoa', 'BS:Jardim Botânico', 'BS:Cobal do Humaitá', 'TS:Maria Angélica', 'TS:Humaitá', 'TS:Hospital da Lagoa', 'TS:Jardim Botânico', 'TS:Cobal do Humaitá', 'CS:A Padaria - Café Et Marché', 'CS:Panificação Lagoa', 'CS:Vitória Régia', 'CS:Mercado Humaitá', 'CS:Farinha Pura', 'PH:Padrão', 'PH:Minipreço', 'PH:Ypiranga', 'PH:Ric', 'PH:Caminhoá']",,[],[],-43.207345,GOOGLE,-22.961962,4,7600,2500000,SALE,2500
ALL,"['SAFETY_CIRCUIT', 'ADULT_POOL', 'RECEPTION', 'WATCHMAN', 'ALARM_SYSTEM', 'GYM', 'BARBECUE_GRILL', 'GATED_COMMUNITY', 'ELEVATOR', 'GOURMET_SPACE', 'LAUNDRY', 'POOL', 'PLAYGROUND', 'PARTY_HALL', 'SAUNA', 'SERVICE_AREA', 'CABLE_TV', 'BALCONY', 'MOUNTAIN_VIEW', 'INTERCOM']",['69'],ConstructionStatus_NONE,USED,"- Excelente apartamento;<br>- Ótima localidade;<br>- Condomínio Summer Coast;<br>- Fácil acesso Avenida das Américas, Conviva Américas, Città América, Downtown, supermercado Extra;<br>- Bom acesso BRT estação Bosque Marapendí que se integra ao metrô Barra da Tijuca Jardim Oceânico;<br>- Próximo á praia da Barra da Tijuca, posto 5;<br>- Condomínio Total Infra estrutura;<br>- Academia;<br>- Elevador;<br>- Piscina;<br>- Playground;<br>- Churrasqueira;<br>- Quadra esportiva;<br>- Salão de festas;<br>- Sauna;<br>- Lavanderia no prédio;<br>- Espaço gourmet na área comum;<br>- Portaria 24 horas;<br>- Apartamento com sala;<br>- 2 quartos com armários;<br>- Cozinha com armários;<br>- Área de serviço;<br>- Condomínio R$ 998,00 / mensal (valor pode sofrer alteração sem prévio aviso);<br>- IPTU R$ 230,00 / mensal;<br>- Entre em contato conosco;<br>- Agende uma visita;<br>- Empreendimento Condomínio Summer Coast;<br>- Não perca esta oportunidade.<br><br>- * Valores podem sofrer alteração sem prévio aviso. <br>-",- Excelente Apartamento Venda Barra da Tijuca - Condomínio Summer Coast,2020-06-10T17:58:51.625Z,[20],['APARTMENT'],NonActivationReason_NONE,,UNIT,[],8,,2485918001,ZAP,11,[1],2021-03-09T13:22:56.917Z,"{'country': 'BR', 'zipCode': '22631040', 'geoJson': '', 'city': 'Rio de Janeiro', 'streetNumber': '100', 'level': 'STREET', 'precision': 'ROOFTOP', 'confidence': 'VALID_STREET', 'stateAcronym': 'RJ', 'source': 'CORREIOS', 'point': {'lon': -43.328932, 'source': 'GOOGLE', 'lat': -23.00346}, 'ibgeCityId': '', 'zone': 'Zona Oeste', 'street': 'Rua Paulo Vianna de Araújo Filho', 'locationId': 'BR>Rio de Janeiro>NULL>Rio de Janeiro>Zona Oeste>Barra da Tijuca', 'district': '', 'name': '', 'state': 'Rio de Janeiro', 'neighborhood': 'Barra da Tijuca', 'poisList': ['TS:Bosque Marapendi (Parador)', 'TS:Bosque Marapendi (Expresso)', 'TS:Bosque Marapendi', 'TS:Afrânio Costa', 'TS:Jardim Oceânico - Acesso BRT', 'CS:Padaria Belle Barra', 'PH:Drogasmil', 'VP:Pet do Bred', 'VP:Mundo Bicho - Pet Store'], 'complement': '', 'pois': [], 'valuableZones': []}",[0],PREMIUM,27,[1],['RESIDENTIAL'],['69'],81711fc0-ff7d-9db6-56fb-941faa7ede48,{'phones': ['2124381000']},,[2],False,"[{'yearlyIptu': '230', 'price': '650000', 'businessType': 'SALE', 'monthlyCondoFee': '998'}]",True,False,1,[],ACTIVE,BR,22631040,,Rio de Janeiro,100,STREET,ROOFTOP,VALID_STREET,RJ,CORREIOS,,Zona Oeste,Rua Paulo Vianna de Araújo Filho,BR>Rio de Janeiro>NULL>Rio de Janeiro>Zona Oeste>Barra da Tijuca,,,Rio de Janeiro,Barra da Tijuca,"['TS:Bosque Marapendi (Parador)', 'TS:Bosque Marapendi (Expresso)', 'TS:Bosque Marapendi', 'TS:Afrânio Costa', 'TS:Jardim Oceânico - Acesso BRT', 'CS:Padaria Belle Barra', 'PH:Drogasmil', 'VP:Pet do Bred', 'VP:Mundo Bicho - Pet Store']",,[],[],-43.328932,GOOGLE,-23.00346,5,230,650000,SALE,998
ALL,['AIR_CONDITIONING'],['73'],ConstructionStatus_NONE,USED,"Excelente apartamento de 2 quartos (1 suíte). 73m2. Sala com varanda. Banheiro social. Armários embutidos nos quartos e banheiros. Cozinha com armários planejados. Área de serviço. Dependência completa de empregada de ótimo tamanho, com janela, que pode funcionar como um escritório. Apartamento reformado, com marcenaria de qualidade. Split nos quartos e buraco para ar de parede na sala. 1 vaga na garagem.",Apartamento para venda de 73 m2 com 2 quartos em Lagoa - Rio de Janeiro - RJ,2021-01-21T20:45:31.201Z,[],['APARTMENT'],NonActivationReason_NONE,,UNIT,[],0,,2508558188,ZAP,3,[1],2021-01-26T20:32:31.843Z,"{'country': 'BR', 'zipCode': '22471140', 'geoJson': '', 'city': 'Rio de Janeiro', 'streetNumber': '19', 'level': 'STREET', 'precision': 'ROOFTOP', 'confidence': 'VALID_STREET', 'stateAcronym': 'RJ', 'source': 'CORREIOS', 'point': {'lon': -43.202688, 'source': 'GOOGLE', 'lat': -22.966642}, 'ibgeCityId': '', 'zone': 'Zona Sul', 'street': 'Rua Almeida Godinho', 'locationId': 'BR>Rio de Janeiro>NULL>Rio de Janeiro>Zona Sul>Lagoa', 'district': '', 'name': '', 'state': 'Rio de Janeiro', 'neighborhood': 'Lagoa', 'poisList': ['BS:Humaitá', 'BS:Maria Angélica', 'BS:Cobal do Humaitá', 'BS:Hospital da Lagoa', 'BS:BRS 2 Bolívar', 'TS:Humaitá', 'TS:Maria Angélica', 'TS:Cantagalo', 'TS:Cobal do Humaitá', 'TS:Hospital da Lagoa', 'CS:Panificação Lagoa', 'CS:A Padaria - Café Et Marché', 'CS:Mercado Humaitá', 'CS:Do Conde', 'CS:Farinha Pura', 'PH:Minipreço', 'PH:Nash', 'PH:Prontofarma', 'PH:Ypiranga', 'PH:Padrão'], 'complement': '', 'pois': [], 'valuableZones': []}",[1],PREMIUM,VI-341,[2],['RESIDENTIAL'],[],4a973b98-acde-c6b7-44f4-06726328a7c7,{'phones': ['21985689457']},21985689457,[2],False,"[{'yearlyIptu': '404', 'price': '1050000', 'businessType': 'SALE', 'monthlyCondoFee': '887'}]",True,False,0,[],ACTIVE,BR,22471140,,Rio de Janeiro,19,STREET,ROOFTOP,VALID_STREET,RJ,CORREIOS,,Zona Sul,Rua Almeida Godinho,BR>Rio de Janeiro>NULL>Rio de Janeiro>Zona Sul>Lagoa,,,Rio de Janeiro,Lagoa,"['BS:Humaitá', 'BS:Maria Angélica', 'BS:Cobal do Humaitá', 'BS:Hospital da Lagoa', 'BS:BRS 2 Bolívar', 'TS:Humaitá', 'TS:Maria Angélica', 'TS:Cantagalo', 'TS:Cobal do Humaitá', 'TS:Hospital da Lagoa', 'CS:Panificação Lagoa', 'CS:A Padaria - Café Et Marché', 'CS:Mercado Humaitá', 'CS:Do Conde', 'CS:Farinha Pura', 'PH:Minipreço', 'PH:Nash', 'PH:Prontofarma', 'PH:Ypiranga', 'PH:Padrão']",,[],[],-43.202688,GOOGLE,-22.966642,6,404,1050000,SALE,887
ALL,"['GYM', 'BARBECUE_GRILL', 'GOURMET_SPACE', 'GARDEN', 'POOL', 'SPORTS_COURT', 'PARTY_HALL', 'GATED_COMMUNITY', 'ELEVATOR', 'PETS_ALLOWED']",['66'],ConstructionStatus_NONE,USED,"O Condomínio Tijuca Antiga fica na Rua do Bispo, nº 160, junto do Campus da Universidade Estácio de Sá.<br><br>O Condomínio tem apenas dois blocos e tem dois pavimentos de garagem, piscina, quadra poliesportiva, playground com brinquedos infantis, academia de ginástica com bons equipamentos, salão de fetas, churrasqueira equipada e lanchonete.<br><br>Cada bloco tem 3 elevadores. O apartamento é o de número 1208 do bloco 2. Penúltimo andar do edifício. Tem 66 metros quadrados. Tem uma sala em dois ambientes e um amplo quarto ambos com acesso para a varanda. Amplo banheiro social. A dependência de empregada foi transformada em uma pequena suíte. Cozinha ampla e área de serviço.<br><br>O apartamento está na fase final da reforma. Tudo foi substituído: os pisos de todo o apartamento, os revestimentos cerâmicos dos banheiros, copa-cozinha e área de serviço, as louças e os sistemas elétrico e hidráulico. Tudo novo !!!<br><br>O apartamento tem uma vaga de garagem na escritura. Há sempre vagas de outros condôminos disponíveis para alugar.",Apto 2 quartos (1 suíte) 66 m2 - 1 vaga - prédio com total infraestrutura,2021-03-06T20:27:32.807Z,[13],['APARTMENT'],NonActivationReason_NONE,,UNIT,[],12,,2513004996,ZAP,12,[1],2021-03-06T21:47:08.322Z,"{'country': 'BR', 'zipCode': '20261065', 'geoJson': '', 'city': 'Rio de Janeiro', 'streetNumber': '160', 'level': 'STREET', 'precision': 'ROOFTOP', 'confidence': 'VALID_STREET', 'stateAcronym': 'RJ', 'source': 'CORREIOS', 'point': {'lon': -43.212799, 'source': 'GOOGLE', 'lat': -22.923231}, 'ibgeCityId': '', 'zone': 'Zona Sul', 'street': 'Rua do Bispo', 'locationId': 'BR>Rio de Janeiro>NULL>Rio de Janeiro>Zona Central>Rio Comprido', 'district': '', 'name': '', 'state': 'Rio de Janeiro', 'neighborhood': 'Rio Comprido', 'poisList': ['BS:Club Municipal', 'BS:Ponto Final do 600 (Taquara)', 'BS:Praça da Bandeira', 'TS:Afonso Pena', 'TS:Estácio', 'TS:Ponto Final do 600 (Taquara)', 'TS:Praça da Bandeira', 'TS:Prefeitura', 'CS:Grão de Minas', 'CS:Confeitaria Rita de Cássia', 'CS:Empório Lamego', 'CS:Padaria do Raphael', 'CS:Padaria da Chácara', 'PH:Farmavita'], 'complement': 'bloco 2 apartamento 1208', 'pois': [], 'valuableZones': []}",[1],PREMIUM,bispo venda,[2],['RESIDENTIAL'],[],277da15d-b9bf-5556-ac50-6b22c30b9017,{'phones': ['21999478019']},21999478019,[2],False,"[{'yearlyIptu': '56', 'price': '320000', 'businessType': 'SALE', 'monthlyCondoFee': '576'}]",True,False,2,[],ACTIVE,BR,20261065,,Rio de Janeiro,160,STREET,ROOFTOP,VALID_STREET,RJ,CORREIOS,,Zona Sul,Rua do Bispo,BR>Rio de Janeiro>NULL>Rio de Janeiro>Zona Central>Rio Comprido,,,Rio de Janeiro,Rio Comprido,"['BS:Club Municipal', 'BS:Ponto Final do 600 (Taquara)', 'BS:Praça da Bandeira', 'TS:Afonso Pena', 'TS:Estácio', 'TS:Ponto Final do 600 (Taquara)', 'TS:Praça da Bandeira', 'TS:Prefeitura', 'CS:Grão de Minas', 'CS:Confeitaria Rita de Cássia', 'CS:Empório Lamego', 'CS:Padaria do Raphael', 'CS:Padaria da Chácara', 'PH:Farmavita']",bloco 2 apartamento 1208,[],[],-43.212799,GOOGLE,-22.923231,7,56,320000,SALE,576
ALL,"['SAFETY_CIRCUIT', 'GYM', 'BARBECUE_GRILL', 'ELEVATOR', 'GOURMET_SPACE', 'POOL', 'PLAYGROUND', 'PARTY_HALL', 'ADULT_GAME_ROOM', 'SAUNA', 'SERVICE_AREA', 'PETS_ALLOWED', 'GOURMET_BALCONY']",['95'],ConstructionStatus_NONE,USED,lindo novidade na Padre Roser/ vila da penha-Rio de Janeiro/RJ apartamentos novos prédio com 2 elevadores salão de festa apartamentos e coberturas com 189m2 e apartamento apartir de 530.000 salão 3 quartos varandão 1 lavabo suíte cozinha ampla lindo marque uma visita prestações facilitadas prédio com piscina churrasqueira sauna saão de festa e 2 vagas na garagem,Apartamento de 95 metros quadrados no bairro Vila da Penha com 3 quartos,2019-09-18T11:39:50.783Z,[9],['APARTMENT'],NonActivationReason_NONE,,UNIT,[],50,25116408,2458036978,ZAP,0,[2],2021-03-04T08:20:04.688Z,"{'country': 'BR', 'zipCode': '21220560', 'geoJson': '', 'city': 'Rio de Janeiro', 'streetNumber': '330', 'level': 'STREET', 'precision': 'ROOFTOP', 'confidence': 'VALID_STREET', 'stateAcronym': 'RJ', 'source': 'CORREIOS', 'point': {'lon': -43.316401, 'source': 'GOOGLE', 'lat': -22.841083}, 'ibgeCityId': '', 'zone': 'Zona Norte', 'street': 'Avenida Padre Roser', 'locationId': 'BR>Rio de Janeiro>NULL>Rio de Janeiro>Zona Norte>Vila da Penha', 'district': '', 'name': '', 'state': 'Rio de Janeiro', 'neighborhood': 'Vila da Penha', 'poisList': ['TS:Irajá', 'TS:Avenida Pastor Martin Luther King', 'TS:Avenida Monsenhor Félix', 'TS:Vila Kosmos (Nossa Senhora do Carmo)', 'TS:Vicente de Carvalho (Parador)', 'CS:Padaria e Confeitaria Mouzinho', 'CS:Super Mercadinho Nossa Senhora de Fátima', 'CS:Bazar Fofurinha', 'CS:Tecnologia do Pão', 'CS:Laticínios Ramalho', 'PH:Modelo Carioca', 'PH:Futura', 'PH:Farmácia Comunitária', 'PH:Pacheco', 'PH:Drogaria Jurema', 'VP:Karol Pet', 'VP:Hospital Veterinário Dr. Stutz', 'VP:Mundo dos Pássaros', 'VP:Tosa & Banho', 'VP:Bicharada Feliz'], 'complement': '', 'pois': [], 'valuableZones': []}",[1],STANDARD,mjs202,[3],['RESIDENTIAL'],['95'],09cd0714-11e8-2212-56d0-a06cbc1f7bae,"{'phones': ['21970050009', '21999585485']}",21999585485,[3],False,"[{'yearlyIptu': '0', 'price': '543000', 'businessType': 'SALE', 'monthlyCondoFee': '600'}]",True,False,4,[],ACTIVE,BR,21220560,,Rio de Janeiro,330,STREET,ROOFTOP,VALID_STREET,RJ,CORREIOS,,Zona Norte,Avenida Padre Roser,BR>Rio de Janeiro>NULL>Rio de Janeiro>Zona Norte>Vila da Penha,,,Rio de Janeiro,Vila da Penha,"['TS:Irajá', 'TS:Avenida Pastor Martin Luther King', 'TS:Avenida Monsenhor Félix', 'TS:Vila Kosmos (Nossa Senhora do Carmo)', 'TS:Vicente de Carvalho (Parador)', 'CS:Padaria e Confeitaria Mouzinho', 'CS:Super Mercadinho Nossa Senhora de Fátima', 'CS:Bazar Fofurinha', 'CS:Tecnologia do Pão', 'CS:Laticínios Ramalho', 'PH:Modelo Carioca', 'PH:Futura', 'PH:Farmácia Comunitária', 'PH:Pacheco', 'PH:Drogaria Jurema', 'VP:Karol Pet', 'VP:Hospital Veterinário Dr. Stutz', 'VP:Mundo dos Pássaros', 'VP:Tosa & Banho', 'VP:Bicharada Feliz']",,[],[],-43.316401,GOOGLE,-22.841083,8,0,543000,SALE,600
ALL,[],['70'],ConstructionStatus_NONE,USED,"Apartamento 3 quartos, banheiro, 4º andar. Perto da estação de Quintino (cerca de 5 minutos andando). Apartamento de um dos blocos do IAPC (condomínio R$ 80,00).<br>Precisando de pequenas reparos! Farta condução, perto da Avenida Dom Hélder Câmara com amplo comércio (perto de supermercados, padarias, farmácias, academias e etc). Documentação ok. Aceito FGTS, financiamento caixa(SFH) e analiso propostas.",Apartamento de 70 metros quadrados no bairro Quintino Bocaiúva com 3 quartos,2019-03-09T18:18:57.897Z,[4],['APARTMENT'],NonActivationReason_NONE,,UNIT,[],4,21803088,2436017132,ZAP,0,[],2021-01-11T16:16:51.341Z,"{'country': 'BR', 'zipCode': '21380010', 'geoJson': '', 'city': 'Rio de Janeiro', 'streetNumber': '1324', 'level': 'STREET', 'precision': 'ROOFTOP', 'confidence': 'VALID_STREET', 'stateAcronym': 'RJ', 'source': 'CORREIOS', 'point': {'lon': -43.323965, 'source': 'GOOGLE', 'lat': -22.886201}, 'ibgeCityId': '', 'zone': 'Zona Norte', 'street': 'Rua Goiás', 'locationId': 'BR>Rio de Janeiro>NULL>Rio de Janeiro>Zona Norte>Quintino Bocaiuva', 'district': '', 'name': '', 'state': 'Rio de Janeiro', 'neighborhood': 'Quintino Bocaiúva', 'poisList': ['BS:Linha 779 Madureira >> Pavuna', 'TS:Quintino', 'TS:Cascadura', 'TS:Terminal Paulo da Portela (Desembarque)', 'TS:Cavalcante', 'TS:Madureira / Manaceia (Parador)', 'CS:Loja do Gordinho', 'CS:Padaria e Confeitaria Mini Mercado Rei Leão', 'PH:Betel'], 'complement': '404', 'pois': [], 'valuableZones': []}",[],PREMIUM,ZAP1461459,[1],['RESIDENTIAL'],['70'],7b1706ff-ea1e-28c3-3125-3ad06584e880,"{'phones': ['2134379965', '21982575755']}",21982575755,[3],True,"[{'price': '140000', 'businessType': 'SALE', 'monthlyCondoFee': '80'}]",True,False,0,[0],ACTIVE,BR,21380010,,Rio de Janeiro,1324,STREET,ROOFTOP,VALID_STREET,RJ,CORREIOS,,Zona Norte,Rua Goiás,BR>Rio de Janeiro>NULL>Rio de Janeiro>Zona Norte>Quintino Bocaiuva,,,Rio de Janeiro,Quintino Bocaiúva,"['BS:Linha 779 Madureira >> Pavuna', 'TS:Quintino', 'TS:Cascadura', 'TS:Terminal Paulo da Portela (Desembarque)', 'TS:Cavalcante', 'TS:Madureira / Manaceia (Parador)', 'CS:Loja do Gordinho', 'CS:Padaria e Confeitaria Mini Mercado Rei Leão', 'PH:Betel']",404,[],[],-43.323965,GOOGLE,-22.886201,9,,140000,SALE,80
ALL,"['PARTY_HALL', 'POOL', 'SAUNA', 'ELEVATOR', 'SPORTS_COURT']",['115'],ConstructionStatus_NONE,USED,"O apartamento está localizado no bairro Botafogo com 115 metros quadrados com 4 quartos sendo 1 suite e 4 banheiros<br>Possui espaço para festas.<br>Vai lhe possibilitar curtir os dias mais quentes na piscina, praticar diversos esportes na quadra poliesportiva.Elevador que garante o transporte das suas malas e compras.",Apartamento para venda tem 115 metros quadrados com 4 quartos em Botafogo - Rio de Janeiro - RJ,2021-02-19T22:16:28.955Z,[10],['APARTMENT'],NonActivationReason_NONE,,UNIT,[],4,,2511530352,ZAP,2,[2],2021-03-03T15:34:01.909Z,"{'country': 'BR', 'zipCode': '22290031', 'geoJson': '', 'city': 'Rio de Janeiro', 'streetNumber': '130', 'level': 'STREET', 'precision': 'ROOFTOP', 'confidence': 'VALID_STREET', 'stateAcronym': 'RJ', 'source': 'CORREIOS', 'point': {'lon': -43.1812, 'source': 'GOOGLE', 'lat': -22.954657}, 'ibgeCityId': '', 'zone': 'Zona Sul', 'street': 'Rua da Passagem', 'locationId': 'BR>Rio de Janeiro>NULL>Rio de Janeiro>Zona Sul>Botafogo', 'district': '', 'name': '', 'state': 'Rio de Janeiro', 'neighborhood': 'Botafogo', 'poisList': ['BS:Integrada 9', 'BS:Integrada 8', 'BS:Integrada 2', 'BS:Integrada 1', 'BS:Shopping Rio Sul', 'TS:Futura estação Morro de São João', 'TS:Integrada 9', 'TS:Integrada 8', 'TS:Integrada 2', 'TS:Integrada 1', 'CS:Americanas Local', 'CS:Fica Café', 'CS:The Slow Bakery', 'CS:Small bakery', 'CS:Le Dépanneur Delicatessen', 'PH:Farma Nature', 'PH:Farmacopa', 'PH:Poubel', 'PH:Farmácia Iate Club', 'PH:Bio Mundo'], 'complement': 'ap. 204', 'pois': [], 'valuableZones': []}",[1],PREMIUM,Pass,[4],['RESIDENTIAL'],['115'],d94cdd8e-90f2-1d09-c6b7-871b84a267c9,{'phones': ['21992134633']},21992134633,[4],False,"[{'yearlyIptu': '5000', 'price': '1600000', 'businessType': 'SALE', 'monthlyCondoFee': '1600'}]",True,False,1,[],ACTIVE,BR,22290031,,Rio de Janeiro,130,STREET,ROOFTOP,VALID_STREET,RJ,CORREIOS,,Zona Sul,Rua da Passagem,BR>Rio de Janeiro>NULL>Rio de Janeiro>Zona Sul>Botafogo,,,Rio de Janeiro,Botafogo,"['BS:Integrada 9', 'BS:Integrada 8', 'BS:Integrada 2', 'BS:Integrada 1', 'BS:Shopping Rio Sul', 'TS:Futura estação Morro de São João', 'TS:Integrada 9', 'TS:Integrada 8', 'TS:Integrada 2', 'TS:Integrada 1', 'CS:Americanas Local', 'CS:Fica Café', 'CS:The Slow Bakery', 'CS:Small bakery', 'CS:Le Dépanneur Delicatessen', 'PH:Farma Nature', 'PH:Farmacopa', 'PH:Poubel', 'PH:Farmácia Iate Club', 'PH:Bio Mundo']",ap. 204,[],[],-43.1812,GOOGLE,-22.954657,10,5000,1600000,SALE,1600
ALL,"['AIR_CONDITIONING', 'KITCHEN_CABINETS', 'BUILTIN_WARDROBE', 'BLINDEX_BOX', 'AMERICAN_KITCHEN', 'ALUMINUM_WINDOW', 'FURNISHED', 'PLANNED_FURNITURE', 'PORCELAIN', 'RECREATION_AREA', 'PARTY_HALL', 'BARBECUE_GRILL', 'GARDEN', 'CONCIERGE_24H']",['55'],ConstructionStatus_NONE,USED,"CONDOMÍNIO GALEÕES - PECHINCHA. Lindo apartamento 2 quartos totalmente reformado e com ""porteira fechada"". R$ 310.000,00 // 2 quartos com 55m² // Cozinha americana // Piso porcelanato // Bancadas em Marmore // Janelas em alumínio branco (recém trocado). // PORTEIRA FECHADA: // Sofá sala // Split Inverter 22 mil btus Carrier Sala // Persiana Romana quarto casal // Persiana Romana quarto solteiro // Ar de Janela Consul 10 mil btus Casal // Ar de Janela Consul 10 mil btus Solteiro // Persiana da Sala // Geladeira Electrolux // Depurador Electrolux // Fogão Brastemp Ative // Mesa com vidro branco Sala // Cômoda Quarto com vidro branco // Aparador com vidro branco // Criado Mudo // Cadeiras // Rack // Espelho Sala // Espelho Quarto Casal // Armário Planejado da Favorita Quarto Solteiro // Vaga parqueamento. Apartamento quitado, com documentação perfeita. Aceita financiamento bancário.",Apartamento de 55 metros quadrados no bairro Pechincha com 2 quartos,2019-01-12T20:32:27.690Z,[],['APARTMENT'],NonActivationReason_NONE,,UNIT,[],0,21167943,2428849780,ZAP,0,[1],2021-01-11T16:56:17.835Z,"{'country': 'BR', 'zipCode': '22743010', 'geoJson': '', 'city': 'Rio de Janeiro', 'streetNumber': '968', 'level': 'STREET', 'precision': 'ROOFTOP', 'confidence': 'VALID_STREET', 'stateAcronym': 'RJ', 'source': 'CORREIOS', 'point': {'lon': -43.352716, 'source': 'GOOGLE', 'lat': -22.934518}, 'ibgeCityId': '', 'zone': 'Zona Oeste', 'street': 'Avenida Geremário Dantas', 'locationId': 'BR>Rio de Janeiro>NULL>Rio de Janeiro>Zona Oeste>Pechincha', 'district': '', 'name': '', 'state': 'Rio de Janeiro', 'neighborhood': 'Pechincha', 'poisList': ['TS:Merck', 'TS:Santa Efigênia', 'CS:Americanas', 'CS:TECNOMEDI FREGUESIA', 'CS:Kúffura', 'PH:Drogarias Mundial', 'PH:Mega Expressa', 'VP:Império Animal'], 'complement': '8º andar', 'pois': [], 'valuableZones': []}",[],PREMIUM,ZAP1427632,[1],['RESIDENTIAL'],[],915726f4-264e-aa8f-2a3e-75471ab9f326,{'phones': ['21998657538']},21998657538,[2],True,"[{'yearlyIptu': '135', 'price': '310000', 'businessType': 'SALE', 'monthlyCondoFee': '475'}]",True,False,0,[0],ACTIVE,BR,22743010,,Rio de Janeiro,968,STREET,ROOFTOP,VALID_STREET,RJ,CORREIOS,,Zona Oeste,Avenida Geremário Dantas,BR>Rio de Janeiro>NULL>Rio de Janeiro>Zona Oeste>Pechincha,,,Rio de Janeiro,Pechincha,"['TS:Merck', 'TS:Santa Efigênia', 'CS:Americanas', 'CS:TECNOMEDI FREGUESIA', 'CS:Kúffura', 'PH:Drogarias Mundial', 'PH:Mega Expressa', 'VP:Império Animal']",8º andar,[],[],-43.352716,GOOGLE,-22.934518,11,135,310000,SALE,475
ALL,"['PETS_ALLOWED', 'GARDEN', 'PLAYGROUND', 'PARTY_HALL', 'ELEVATOR', 'BICYCLES_PLACE', 'DISABLED_ACCESS', 'GATED_COMMUNITY', 'ELECTRONIC_GATE', 'CONCIERGE_24H']",['65'],ConstructionStatus_NONE,USED,"Imóvel vazio e negociado direto com o proprietário , documentação ok. Excelente imóvel com sala, dois quantos, banheiro social, copa-cozinha, quarto e banheiro de empregada, apartamento nascente (Sol da manhã), de frente, com direito a estacionamento, play, living de entrada, segurança 24 horas, rua calma, arborizada e rodeada de comércio, há 500 metros da rua Dias da Cruz. Imóvel apto a financiamento bancário!",Apartamento para venda com 65 metros quadrados com 2 quartos,2021-01-09T01:00:17.094Z,[11],['APARTMENT'],NonActivationReason_NONE,,UNIT,[],8,,2507324480,GRUPOZAP,4,[1],2021-01-15T15:10:02.191Z,"{'country': 'BR', 'zipCode': '20720310', 'geoJson': '', 'city': 'Rio de Janeiro', 'streetNumber': '39', 'level': 'STREET', 'precision': 'ROOFTOP', 'confidence': 'VALID_STREET', 'stateAcronym': 'RJ', 'source': 'CORREIOS', 'point': {'lon': -43.283669, 'source': 'GOOGLE', 'lat': -22.908825}, 'ibgeCityId': '', 'zone': 'Zona Norte', 'street': 'Rua Carolina Santos', 'locationId': 'BR>Rio de Janeiro>NULL>Rio de Janeiro>Zona Norte>Meier', 'district': '', 'name': '', 'state': 'Rio de Janeiro', 'neighborhood': 'Lins de Vasconcelos', 'poisList': ['BS:Terminal Arquiteto Gelton Paciello da Motta', 'BS:Terminal Arquiteto Paciello', 'BS:679 - Méier x Grotão', 'BS:232 - Lins x Praça XV', 'BS:Ponto final 687', 'TS:Méier', 'TS:Silva Freire', 'TS:Engenho Novo', 'TS:Olímpica de Engenho de Dentro', 'TS:Olímpica Engenho de Dentro', 'CS:TECNOMEDI MÉIER', 'CS:Rainha do Méier', 'CS:Panificadora Aquidabã', 'CS:Tuti Fruti', 'CS:Dika do Méier', 'VP:Pet do Frajola', 'VP:Meyer Petshop'], 'complement': '', 'pois': [], 'valuableZones': []}",[],PREMIUM,S34672JH,[2],['RESIDENTIAL'],[],8e11ded6-1535-44b9-86e4-6cc636571070,"{'phones': ['2134864257', '21981114136']}",21981114136,[2],False,"[{'yearlyIptu': '700', 'price': '290000', 'businessType': 'SALE', 'monthlyCondoFee': '715'}]",True,True,0,[],ACTIVE,BR,20720310,,Rio de Janeiro,39,STREET,ROOFTOP,VALID_STREET,RJ,CORREIOS,,Zona Norte,Rua Carolina Santos,BR>Rio de Janeiro>NULL>Rio de Janeiro>Zona Norte>Meier,,,Rio de Janeiro,Lins de Vasconcelos,"['BS:Terminal Arquiteto Gelton Paciello da Motta', 'BS:Terminal Arquiteto Paciello', 'BS:679 - Méier x Grotão', 'BS:232 - Lins x Praça XV', 'BS:Ponto final 687', 'TS:Méier', 'TS:Silva Freire', 'TS:Engenho Novo', 'TS:Olímpica de Engenho de Dentro', 'TS:Olímpica Engenho de Dentro', 'CS:TECNOMEDI MÉIER', 'CS:Rainha do Méier', 'CS:Panificadora Aquidabã', 'CS:Tuti Fruti', 'CS:Dika do Méier', 'VP:Pet do Frajola', 'VP:Meyer Petshop']",,[],[],-43.283669,GOOGLE,-22.908825,12,700,290000,SALE,715
ALL,"['GATED_COMMUNITY', 'ELEVATOR', 'PETS_ALLOWED']",['96'],ConstructionStatus_NONE,USED,"JBV VENDE APTO NO CORAÇÃO DE IPANEMA<br><br>* Quadra da praia de Ipanema <br>* Lateral / bem arejado / Rua tranquila<br>* 02 por andar / 05 andares<br><br>- 96 M²<br>- Ampla Sala (piso em taco)<br>- 03 Quartos sendo 1 com suíte (sendo: quarto 1 com cama casal; quarto 2 com cama de solteiro e armários e quarto 3 com armário) <br>- Banheiro social c/ box blindex<br>- Cozinha c/ armários em alvenaria abaixo e armário aéreo acima (piso em cerâmica branca, paredes azulejadas até o teto)<br>- Área de serviços com tanque e instalação para máquina de lavar<br>- Banheiro de empregada transformado em dispensa<br>- 01 vaga de garagem no condomínio<br><br>EXCELENTE OPORTUNIDADE",JBV VENDE APTO DE 03 QUARTOS NO CORAÇÃO DE IPANEMA,2021-03-03T14:28:09.089Z,[5],['APARTMENT'],NonActivationReason_NONE,,UNIT,[],2,,2512650378,ZAP,4,[1],2021-03-03T14:51:48.570Z,"{'country': 'BR', 'zipCode': '22421010', 'geoJson': '', 'city': 'Rio de Janeiro', 'streetNumber': '57', 'level': 'STREET', 'precision': 'RANGE_INTERPOLATED', 'confidence': 'VALID_STREET', 'stateAcronym': 'RJ', 'source': 'CORREIOS', 'point': {'lon': -43.209397, 'source': 'GOOGLE', 'lat': -22.984657}, 'ibgeCityId': '', 'zone': 'Zona Sul', 'street': ""Rua Garcia D'Avila"", 'locationId': 'BR>Rio de Janeiro>NULL>Rio de Janeiro>Zona Sul>Ipanema', 'district': '', 'name': '', 'state': 'Rio de Janeiro', 'neighborhood': 'Ipanema', 'poisList': ['BS:BRS 2,3 - Cupertino Durão', 'BS:Barra Expresso', 'BS:Metrô na Superfície - General Osório', 'BS:BRS 3 Miguel Lemos', 'BS:BRS 1 - Rita Ludolf', 'TS:Maria Quitéria', 'TS:Nossa Senhora da Paz', 'TS:Joana Angélica', 'TS:Borges de Medeiros', 'TS:Jardim de Alah', 'CS:Armazém do Café', 'CS:Confeitaria Ipanema', 'CS:TECNOMEDI IPANEMA', 'CS:Patata', 'CS:Kopenhagen', 'PH:Drogaria Pop', 'PH:Farmácia Central Posto 6', 'PH:Viva Mais'], 'complement': '', 'pois': [], 'valuableZones': []}",[1],PREMIUM,VENDA2IPANEMA57,[2],['RESIDENTIAL'],[],0e8a0b04-6821-9bcd-9a4f-be2a8c0922b3,{'phones': ['2125489245']},,[3],False,"[{'yearlyIptu': '622', 'price': '2600000', 'businessType': 'SALE', 'monthlyCondoFee': '2350'}]",True,False,1,[],ACTIVE,BR,22421010,,Rio de Janeiro,57,STREET,RANGE_INTERPOLATED,VALID_STREET,RJ,CORREIOS,,Zona Sul,Rua Garcia D'Avila,BR>Rio de Janeiro>NULL>Rio de Janeiro>Zona Sul>Ipanema,,,Rio de Janeiro,Ipanema,"['BS:BRS 2,3 - Cupertino Durão', 'BS:Barra Expresso', 'BS:Metrô na Superfície - General Osório', 'BS:BRS 3 Miguel Lemos', 'BS:BRS 1 - Rita Ludolf', 'TS:Maria Quitéria', 'TS:Nossa Senhora da Paz', 'TS:Joana Angélica', 'TS:Borges de Medeiros', 'TS:Jardim de Alah', 'CS:Armazém do Café', 'CS:Confeitaria Ipanema', 'CS:TECNOMEDI IPANEMA', 'CS:Patata', 'CS:Kopenhagen', 'PH:Drogaria Pop', 'PH:Farmácia Central Posto 6', 'PH:Viva Mais']",,[],[],-43.209397,GOOGLE,-22.984657,13,622,2600000,SALE,2350
ALL,"['SAFETY_CIRCUIT', 'ELEVATOR', 'AIR_CONDITIONING']",['98'],ConstructionStatus_NONE,USED,"Prédio clássico, rua nobre, próximo ao Metro e ao Aterro do Flamengo. Silencioso ,charmoso, pronto para entrar em morar. Sala ampla, dois ambientes, quartos com bons armários, dp completa repleta de armários.<br>Portaria 24hs, esquema de segurança .",Rua nobre ! Prédio com bela apresentação.,2020-09-17T15:53:09.113Z,[8],['APARTMENT'],NonActivationReason_NONE,,UNIT,[],2,,2496233642,ZAP,2,[1],2021-01-29T16:09:58.298Z,"{'country': 'BR', 'zipCode': '22230040', 'geoJson': '', 'city': 'Rio de Janeiro', 'streetNumber': '0', 'level': 'STREET', 'precision': 'GEOMETRIC_CENTER', 'confidence': 'VALID_STREET', 'stateAcronym': 'RJ', 'source': 'CORREIOS', 'point': {'lon': -43.176243, 'source': 'GOOGLE', 'lat': -22.93641}, 'ibgeCityId': '', 'zone': 'Zona Sul', 'street': 'Rua Fernando Osório', 'locationId': 'BR>Rio de Janeiro>NULL>Rio de Janeiro>Zona Sul>Flamengo', 'district': '', 'name': '', 'state': 'Rio de Janeiro', 'neighborhood': 'Flamengo', 'poisList': ['BS:Rua das Laranjeiras, 336', 'TS:Flamengo', 'TS:Acesso Catete', 'TS:Largo do Machado', 'TS:Acesso Largo do Machado', 'TS:Palácio', 'CS:Rede Varejão', 'CS:Bela Guanabara', 'CS:Mundinho Verde', 'CS:Ravelle', 'CS:Panificação Paissandú', 'PH:Drogamil', 'PH:Quintessência', 'PH:Riofarma', 'PH:Drogaria Paraná', 'PH:Cristal'], 'complement': '', 'pois': [], 'valuableZones': []}",[],PREMIUM,PETRUS202,[3],['RESIDENTIAL'],['98'],5b4cb7b5-eec1-4753-462c-af6f981e5a0d,{'phones': ['21999267455']},21999267455,[3],False,"[{'yearlyIptu': '180', 'price': '850000', 'businessType': 'SALE', 'monthlyCondoFee': '1520'}]",True,False,0,[],ACTIVE,BR,22230040,,Rio de Janeiro,0,STREET,GEOMETRIC_CENTER,VALID_STREET,RJ,CORREIOS,,Zona Sul,Rua Fernando Osório,BR>Rio de Janeiro>NULL>Rio de Janeiro>Zona Sul>Flamengo,,,Rio de Janeiro,Flamengo,"['BS:Rua das Laranjeiras, 336', 'TS:Flamengo', 'TS:Acesso Catete', 'TS:Largo do Machado', 'TS:Acesso Largo do Machado', 'TS:Palácio', 'CS:Rede Varejão', 'CS:Bela Guanabara', 'CS:Mundinho Verde', 'CS:Ravelle', 'CS:Panificação Paissandú', 'PH:Drogamil', 'PH:Quintessência', 'PH:Riofarma', 'PH:Drogaria Paraná', 'PH:Cristal']",,[],[],-43.176243,GOOGLE,-22.93641,14,180,850000,SALE,1520
ALL,"['GATED_COMMUNITY', 'ELEVATOR', 'PETS_ALLOWED', 'AIR_CONDITIONING']",['117'],ConstructionStatus_NONE,USED,"JBV VENDE APTO NO CORAÇÃO DE IPANEMA<br><br>* Frente / bem arejado / Rua tranquila<br>* 02 por andar / 05 andares<br><br>- 117 M² <br>- Ampla Sala em 02 ambientes (piso em cerâmica mesclado branco)<br>- 03 Quartos sendo 1 com suíte (todos com armários embutidos) (todos em taco)<br>- Banheiro social c/ box blindex (novíssimo) <br>- Cozinha c/ armários embutidos (piso em cerâmica branca, paredes azulejadas até o teto)<br>- Ampla Área de serviços com tanque e instalação para máquina de lavar<br>- Dependência completa de empregada (quarto e banheiro)<br>- 01 vaga de garagem no condomínio<br><br>EXCELENTE OPORTUNIDADE",JBV VENDE APTO DE 03 QUARTOS NO CORAÇÃO DE IPANEMA,2021-03-03T14:16:26.123Z,[6],['APARTMENT'],NonActivationReason_NONE,,UNIT,[],2,,2512648447,ZAP,4,[1],2021-03-03T14:29:54.328Z,"{'country': 'BR', 'zipCode': '22421010', 'geoJson': '', 'city': 'Rio de Janeiro', 'streetNumber': '57', 'level': 'STREET', 'precision': 'RANGE_INTERPOLATED', 'confidence': 'VALID_STREET', 'stateAcronym': 'RJ', 'source': 'CORREIOS', 'point': {'lon': -43.209397, 'source': 'GOOGLE', 'lat': -22.984657}, 'ibgeCityId': '', 'zone': 'Zona Sul', 'street': ""Rua Garcia D'Avila"", 'locationId': 'BR>Rio de Janeiro>NULL>Rio de Janeiro>Zona Sul>Ipanema', 'district': '', 'name': '', 'state': 'Rio de Janeiro', 'neighborhood': 'Ipanema', 'poisList': ['BS:BRS 2,3 - Cupertino Durão', 'BS:Barra Expresso', 'BS:Metrô na Superfície - General Osório', 'BS:BRS 3 Miguel Lemos', 'BS:BRS 1 - Rita Ludolf', 'TS:Maria Quitéria', 'TS:Nossa Senhora da Paz', 'TS:Joana Angélica', 'TS:Borges de Medeiros', 'TS:Jardim de Alah', 'CS:Armazém do Café', 'CS:Confeitaria Ipanema', 'CS:TECNOMEDI IPANEMA', 'CS:Patata', 'CS:Kopenhagen', 'PH:Drogaria Pop', 'PH:Farmácia Central Posto 6', 'PH:Viva Mais'], 'complement': '', 'pois': [], 'valuableZones': []}",[2],PREMIUM,VENDA1IPANEMA57,[1],['RESIDENTIAL'],[],0e8a0b04-6821-9bcd-9a4f-be2a8c0922b3,{'phones': ['2125489245']},,[3],False,"[{'yearlyIptu': '622', 'price': '2700000', 'businessType': 'SALE', 'monthlyCondoFee': '2350'}]",True,False,1,[],ACTIVE,BR,22421010,,Rio de Janeiro,57,STREET,RANGE_INTERPOLATED,VALID_STREET,RJ,CORREIOS,,Zona Sul,Rua Garcia D'Avila,BR>Rio de Janeiro>NULL>Rio de Janeiro>Zona Sul>Ipanema,,,Rio de Janeiro,Ipanema,"['BS:BRS 2,3 - Cupertino Durão', 'BS:Barra Expresso', 'BS:Metrô na Superfície - General Osório', 'BS:BRS 3 Miguel Lemos', 'BS:BRS 1 - Rita Ludolf', 'TS:Maria Quitéria', 'TS:Nossa Senhora da Paz', 'TS:Joana Angélica', 'TS:Borges de Medeiros', 'TS:Jardim de Alah', 'CS:Armazém do Café', 'CS:Confeitaria Ipanema', 'CS:TECNOMEDI IPANEMA', 'CS:Patata', 'CS:Kopenhagen', 'PH:Drogaria Pop', 'PH:Farmácia Central Posto 6', 'PH:Viva Mais']",,[],[],-43.209397,GOOGLE,-22.984657,15,622,2700000,SALE,2350
ALL,"['GYM', 'GATED_COMMUNITY', 'BARBECUE_GRILL', 'GOURMET_SPACE', 'GARDEN', 'POOL', 'SPORTS_COURT', 'PARTY_HALL', 'ADULT_GAME_ROOM', 'ELEVATOR', 'SAUNA', 'GOURMET_BALCONY']",['82'],ConstructionStatus_NONE,USED,"Apto de 3Q sol da manhã com 82 m2 com uma excelente planta, vista livre e andar alto. O Freedom tem uma das melhores áreas de lazer da região. Este ótimo apartamento, muito bem localizado na Freguesia, em Jacarepaguá, conta com varanda, sala para dois ambientes, 3 quartos (sendo 1 suíte), 2 banheiros, cozinha americana e área de serviço. E, além de dispor de toda a estrutura e segurança condominiais, também conta com 1 vaga na garagem. A unidade de andar alto apresenta vista livre e vem com porcelanato na sala, nos quartos e na cozinha. Não perca essa oportunidade! <br><br>Lazer: Academia, Bar na Piscina, Bosque com Praça, Brinquedoteca, Brinquedoteca, Churrasqueira, Churrasqueira com Forno a Lenha, Churrasqueira com forno de pizza, Deck Molhado, Espaço Gourmet, Fitness, Forno de Pizza, Parquinho, Piscina Adulto, Piscina Adulto com Deck, Piscina Infantil, Piscina Natação Raia 25 m, Playground, Praça, Quadra de Esporte, Quadra Esportiva, Quadra Poliesportiva, Quadra Recreativa, Salão de Festas, Salão de Jogos, Salão Gourmet, Sauna, Solarium, SPA. <br><br>Proximidades: Bares e Restaurantes, Escola, Farmácia, Shopping Center, Supermercado, Faculdade.<br><br>Valor de condomínio e IPTU à confirmar",Freedom Freguesia - Excelente apartamento com 3 quartos - R$ 449 Mil,2020-11-30T00:48:07.756Z,[7],['APARTMENT'],NonActivationReason_NONE,,UNIT,[],8,,2503776882,ZAP,6,[1],2021-03-06T01:42:29.699Z,"{'country': 'BR', 'zipCode': '22745200', 'geoJson': '', 'city': 'Rio de Janeiro', 'streetNumber': '630', 'level': 'STREET', 'precision': 'GEOMETRIC_CENTER', 'confidence': 'VALID_STREET', 'stateAcronym': 'RJ', 'source': 'CORREIOS', 'point': {'lon': -43.326524, 'source': 'GOOGLE', 'lat': -22.936666}, 'ibgeCityId': '', 'zone': 'Zona Oeste', 'street': 'Estrada do Guanumbi', 'locationId': 'BR>Rio de Janeiro>NULL>Rio de Janeiro>Zona Oeste>Freguesia- Jacarepagua', 'district': '', 'name': '', 'state': 'Rio de Janeiro', 'neighborhood': 'Freguesia (Jacarepaguá)', 'poisList': ['BS:Ponto final 766', 'CS:Kúffura', 'CS:TECNOMEDI FREGUESIA', 'CS:Americanas', 'VP:Império Animal', 'SC:Casa de festas Brincadeira é coisa séria', 'SC:Todeschini Freguesia', 'SC:Cachorro-quente da Tia', 'SC:São Caetano Turismo'], 'complement': '602', 'pois': [], 'valuableZones': []}",[1],PREMIUM,FREEDOM 3Q,[2],['RESIDENTIAL'],['82'],86b0d120-b568-ec37-61a8-4da1dc5f5257,{'phones': ['21964402003']},21964402003,[3],False,"[{'yearlyIptu': '1200', 'price': '478210', 'businessType': 'SALE', 'monthlyCondoFee': '800'}]",True,False,6,[],ACTIVE,BR,22745200,,Rio de Janeiro,630,STREET,GEOMETRIC_CENTER,VALID_STREET,RJ,CORREIOS,,Zona Oeste,Estrada do Guanumbi,BR>Rio de Janeiro>NULL>Rio de Janeiro>Zona Oeste>Freguesia- Jacarepagua,,,Rio de Janeiro,Freguesia (Jacarepaguá),"['BS:Ponto final 766', 'CS:Kúffura', 'CS:TECNOMEDI FREGUESIA', 'CS:Americanas', 'VP:Império Animal', 'SC:Casa de festas Brincadeira é coisa séria', 'SC:Todeschini Freguesia', 'SC:Cachorro-quente da Tia', 'SC:São Caetano Turismo']",602,[],[],-43.326524,GOOGLE,-22.936666,16,1200,478210,SALE,800
ALL,"['GYM', 'GATED_COMMUNITY', 'BARBECUE_GRILL', 'GARDEN', 'GOURMET_SPACE', 'POOL', 'PLAYGROUND', 'SPORTS_COURT', 'PARTY_HALL', 'ADULT_GAME_ROOM', 'ELEVATOR', 'SPA', 'SAUNA', 'GOURMET_BALCONY']",['91'],ConstructionStatus_NONE,USED,"Condomínio Onda Carioca - Recreio dos bandeirantes! Maravilhoso apartamento 3 suítes, sala em dois ambientes, varanda gourmet, cozinha ampla, lavabo e área de serviço, <br><br> Condomínio com infraestrutura de lazer completo: Campo society, quadra de areia, churrasqueiras, spa, sauna, academia, e muito mais... Segurança 24hrs. <br>O condomínio possuí ônibus para os principais pontos do Recreio e metrô!<br><br> Agende já uma visita e traga sua proposta!!<br><br>Fotos no anúncio do apartamento modelo.","Apartamento com 3 quartos , lazer e segurança",2020-11-18T23:01:15.792Z,[9],['APARTMENT'],NonActivationReason_NONE,,UNIT,[],12,,2502787307,ZAP,2,[2],2021-03-05T21:52:39.307Z,"{'country': 'BR', 'zipCode': '22790671', 'geoJson': '', 'city': 'Rio de Janeiro', 'streetNumber': '240', 'level': 'STREET', 'precision': 'ROOFTOP', 'confidence': 'VALID_STREET', 'stateAcronym': 'RJ', 'source': 'CORREIOS', 'point': {'lon': -43.48179, 'source': 'GOOGLE', 'lat': -23.005809}, 'ibgeCityId': '', 'zone': 'Zona Oeste', 'street': 'Rua Silvia Pozzano', 'locationId': 'BR>Rio de Janeiro>NULL>Rio de Janeiro>Zona Oeste>Recreio Dos Bandeirantes', 'district': '', 'name': '', 'state': 'Rio de Janeiro', 'neighborhood': 'Recreio dos Bandeirantes', 'poisList': ['TS:Gilka Machado', 'TS:Guiomar Novaes', 'TS:Recreio Shopping', 'CS:R2 Bolos', 'CS:Barra Bonita Padaria', 'CS:Armazém do Recreio', 'CS:Américas Pão', 'PH:Drogaria M. M. Júnior', 'PH:Prophylaxis', 'PH:Botica do Rio', 'PH:Foliare', 'VP:Arte em Pêlos', 'VP:Pet Carioca', 'VP:Pet Pontal', 'VP:Vet Angels', 'VP:A casa do bicho'], 'complement': '104 BL 5', 'pois': [], 'valuableZones': []}",[3],PREMIUM,ONDA CARIOCA 3Q P,[4],['RESIDENTIAL'],['91'],86b0d120-b568-ec37-61a8-4da1dc5f5257,{'phones': ['21964402003']},21964402003,[3],False,"[{'yearlyIptu': '2200', 'price': '503154', 'businessType': 'SALE', 'monthlyCondoFee': '710'}]",True,False,6,[],ACTIVE,BR,22790671,,Rio de Janeiro,240,STREET,ROOFTOP,VALID_STREET,RJ,CORREIOS,,Zona Oeste,Rua Silvia Pozzano,BR>Rio de Janeiro>NULL>Rio de Janeiro>Zona Oeste>Recreio Dos Bandeirantes,,,Rio de Janeiro,Recreio dos Bandeirantes,"['TS:Gilka Machado', 'TS:Guiomar Novaes', 'TS:Recreio Shopping', 'CS:R2 Bolos', 'CS:Barra Bonita Padaria', 'CS:Armazém do Recreio', 'CS:Américas Pão', 'PH:Drogaria M. M. Júnior', 'PH:Prophylaxis', 'PH:Botica do Rio', 'PH:Foliare', 'VP:Arte em Pêlos', 'VP:Pet Carioca', 'VP:Pet Pontal', 'VP:Vet Angels', 'VP:A casa do bicho']",104 BL 5,[],[],-43.48179,GOOGLE,-23.005809,17,2200,503154,SALE,710
